Region,Service,TimeStamp,Minimum,Average,Maximum
us-west-2,fjord-racer1-cruise-ui-ecs-service,06/01/2022 00:00:00,0.000172766053583473,0.000295677319848897,0.000611381698399782
us-west-2,fjord-racer1-cruise-ui-ecs-service,06/01/2022 01:00:00,0.000165221944916993,0.000294014740389645,0.000525451288558543
us-west-2,fjord-racer1-cruise-ui-ecs-service,06/01/2022 02:00:00,0.000173183961305767,0.000294859998788393,0.000541004003025591
us-west-2,fjord-racer1-cruise-ui-ecs-service,06/01/2022 03:00:00,0.000169030309189111,0.000296489158018278,0.000565955578349531
us-west-2,fjord-racer1-cruise-ui-ecs-service,06/01/2022 04:00:00,0.000139024504460394,0.000294581397818822,0.000490265751355573
us-west-2,fjord-racer1-cruise-ui-ecs-service,06/01/2022 05:00:00,0.000167604023590684,0.000297289378381902,0.000574082951061428
us-west-2,fjord-racer1-cruise-ui-ecs-service,06/01/2022 06:00:00,0.000162865838501602,0.000298135081801305,0.000539872256156645
us-west-2,fjord-racer1-cruise-ui-ecs-service,06/01/2022 07:00:00,0.000163514318410307,0.000299682831797193,0.000517724337987602
us-west-2,fjord-racer1-cruise-ui-ecs-service,06/01/2022 08:00:00,0.000152623625472188,0.000299652141986189,0.000582754868082702
us-west-2,fjord-racer1-cruise-ui-ecs-service,06/01/2022 09:00:00,0.000164702348411083,0.000293957819756213,0.000493518682196736
us-west-2,fjord-racer1-cruise-ui-ecs-service,06/01/2022 10:00:00,0.000164912024047226,0.000292565356452554,0.000483613265188117
us-west-2,fjord-racer1-cruise-ui-ecs-service,06/01/2022 11:00:00,0.000168522750027478,0.00029678135048411,0.000524350767955184
us-west-2,fjord-racer1-cruise-ui-ecs-service,06/01/2022 12:00:00,0.000163994450122118,0.000298625823591881,0.000573979364708066
us-west-2,fjord-racer1-cruise-ui-ecs-service,06/01/2022 13:00:00,0.00019169490551576,0.000304217592992908,0.000545368087477982
us-west-2,fjord-racer1-cruise-ui-ecs-service,06/01/2022 14:00:00,0.000139308604411781,0.000303209134163448,0.000569628737866878
us-west-2,fjord-racer1-cruise-ui-ecs-service,06/01/2022 15:00:00,0.000171512990307651,0.00030398351659009,0.000557111296802759
us-west-2,fjord-racer1-cruise-ui-ecs-service,06/01/2022 16:00:00,0.000166050076950341,0.000300838343718845,0.000548366201110184
us-west-2,fjord-racer1-cruise-ui-ecs-service,06/01/2022 17:00:00,0.00017554109217599,0.000306682878538793,0.000571080227382481
us-west-2,fjord-racer1-cruise-ui-ecs-service,06/01/2022 18:00:00,0.000165904918685555,0.000299328539063329,0.000550875160843134
us-west-2,fjord-racer1-cruise-ui-ecs-service,06/01/2022 19:00:00,0.000195396831259131,0.00030307698552378,0.000555851170793176
us-west-2,fjord-racer1-cruise-ui-ecs-service,06/01/2022 20:00:00,0.000173289864324033,0.000302592951103364,0.000535567454062402
us-west-2,fjord-racer1-cruise-ui-ecs-service,06/01/2022 21:00:00,0.000169690942857414,0.00030231589704579,0.000537846866063774
us-west-2,fjord-racer1-cruise-ui-ecs-service,06/01/2022 22:00:00,0.000186386483255774,0.000303242814911733,0.000545340124517679
us-west-2,fjord-racer1-cruise-ui-ecs-service,06/01/2022 23:00:00,0.000164087419398129,0.00030068633721368,0.000518053327687085
us-west-2,fjord-racer1-cruise-ui-ecs-service,06/02/2022 00:00:00,0.000169890071265399,0.000302870629181834,0.000546836573630571
us-west-2,fjord-racer1-cruise-ui-ecs-service,06/02/2022 01:00:00,0.000187874573748559,0.000301596258176641,0.000685626547783613
us-west-2,fjord-racer1-cruise-ui-ecs-service,06/02/2022 02:00:00,0.000165602553170174,0.00029861583228084,0.000550899701192975
us-west-2,fjord-racer1-cruise-ui-ecs-service,06/02/2022 03:00:00,0.000170075288042426,0.000307868722205255,0.000589536363258958
us-west-2,fjord-racer1-cruise-ui-ecs-service,06/02/2022 04:00:00,0.000165679911151528,0.000304346146502051,0.000530060078017414
us-west-2,fjord-racer1-cruise-ui-ecs-service,06/02/2022 05:00:00,0.000170366221573204,0.000299311531127027,0.000530487578362226
us-west-2,fjord-racer1-cruise-ui-ecs-service,06/02/2022 06:00:00,0.000164961267728359,0.000297597861656795,0.000522068818099797
us-west-2,fjord-racer1-cruise-ui-ecs-service,06/02/2022 07:00:00,0.000193845178000629,0.00031253846806987,0.00120519949123263
us-west-2,fjord-racer1-cruise-ui-ecs-service,06/02/2022 08:00:00,0.000167514127679169,0.000301917503133533,0.00054013601038605
us-west-2,fjord-racer1-cruise-ui-ecs-service,06/02/2022 09:00:00,0.000165413238573819,0.00030755568256723,0.000581699027679861
us-west-2,fjord-racer1-cruise-ui-ecs-service,06/02/2022 10:00:00,0.000181738182436675,0.000301209292481224,0.000532502843998373
us-west-2,fjord-racer1-cruise-ui-ecs-service,06/02/2022 11:00:00,0.00015868186019361,0.000302756180949711,0.000548537477458778
us-west-2,fjord-racer1-cruise-ui-ecs-service,06/02/2022 12:00:00,0.000166552828159183,0.000297262886105799,0.000562423700466752
us-west-2,fjord-racer1-cruise-ui-ecs-service,06/02/2022 13:00:00,0.000171795580536127,0.00029678670631445,0.000520284018038135
us-west-2,fjord-racer1-cruise-ui-ecs-service,06/02/2022 14:00:00,0.000149387097917497,0.000296286624150555,0.000516913610657579
us-west-2,fjord-racer1-cruise-ui-ecs-service,06/02/2022 15:00:00,0.000169623596593738,0.0003037582286506,0.000527433096431196
us-west-2,fjord-racer1-cruise-ui-ecs-service,06/02/2022 16:00:00,0.000186680082697421,0.000304626080596701,0.000562583399005234
us-west-2,fjord-racer1-cruise-ui-ecs-service,06/02/2022 17:00:00,0.000165053782984614,0.000301655846242497,0.000539107597433031
us-west-2,fjord-racer1-cruise-ui-ecs-service,06/02/2022 18:00:00,0.00015851556090638,0.000309306867562253,0.000568503187969327
us-west-2,fjord-racer1-cruise-ui-ecs-service,06/02/2022 19:00:00,0.000159041340728956,0.00030149071631998,0.000571829872205853
us-west-2,fjord-racer1-cruise-ui-ecs-service,06/02/2022 20:00:00,0.000138152297586203,0.000298489952858551,0.000583535153418779
us-west-2,fjord-racer1-cruise-ui-ecs-service,06/02/2022 21:00:00,0.000145442935172468,0.000296929235182239,0.000564853614196181
us-west-2,fjord-racer1-cruise-ui-ecs-service,06/02/2022 22:00:00,0.000162258511409163,0.000299714568268158,0.000523229059763253
us-west-2,fjord-racer1-cruise-ui-ecs-service,06/02/2022 23:00:00,0.000164216803386807,0.000298019164162576,0.000529721705242991
us-west-2,fjord-racer1-cruise-ui-ecs-service,06/03/2022 00:00:00,0.000161080632824451,0.000295476163649321,0.000554208031022235
us-west-2,fjord-racer1-cruise-ui-ecs-service,06/03/2022 01:00:00,0.000169619999360293,0.000297958902236722,0.000505205825902522
us-west-2,fjord-racer1-cruise-ui-ecs-service,06/03/2022 02:00:00,0.00016283190343529,0.000293283019235065,0.000600530719384551
us-west-2,fjord-racer1-cruise-ui-ecs-service,06/03/2022 03:00:00,0.00016107278643176,0.000298108583091591,0.000574363791383803
us-west-2,fjord-racer1-cruise-ui-ecs-service,06/03/2022 04:00:00,0.00017366090323776,0.000299585478762941,0.000541750537721734
us-west-2,fjord-racer1-cruise-ui-ecs-service,06/03/2022 05:00:00,0.000175157387275249,0.000302425765538879,0.000570901716127992
us-west-2,fjord-racer1-cruise-ui-ecs-service,06/03/2022 06:00:00,0.000165781530085951,0.000298324137808826,0.000515951798297465
us-west-2,fjord-racer1-cruise-ui-ecs-service,06/03/2022 07:00:00,0.000166166783310473,0.000297974547684342,0.00055731285829097
us-west-2,fjord-racer1-cruise-ui-ecs-service,06/03/2022 08:00:00,0.000167802930809557,0.000295720558487091,0.000572819891385734
us-west-2,fjord-racer1-cruise-ui-ecs-service,06/03/2022 09:00:00,0.000155259372799524,0.000292681976620573,0.000491422764025629
us-west-2,fjord-racer1-cruise-ui-ecs-service,06/03/2022 10:00:00,0.000163838127627969,0.000293991418479255,0.00054919037502259
us-west-2,fjord-racer1-cruise-ui-ecs-service,06/03/2022 11:00:00,0.00016533964080736,0.000293061976385447,0.000536995870061219
us-west-2,fjord-racer1-cruise-ui-ecs-service,06/03/2022 12:00:00,0.000159012316726148,0.000295912854672703,0.000489938561804593
us-west-2,fjord-racer1-cruise-ui-ecs-service,06/03/2022 13:00:00,0.000169652560725808,0.000295899430001023,0.000553807360120118
us-west-2,fjord-racer1-cruise-ui-ecs-service,06/03/2022 14:00:00,0.000165427033789456,0.000294845610466587,0.000587596837431192
us-west-2,fjord-racer1-cruise-ui-ecs-service,06/03/2022 15:00:00,0.000173182075377554,0.000296595864269263,0.000537727470509708
us-west-2,fjord-racer1-cruise-ui-ecs-service,06/03/2022 16:00:00,0.000143691652920097,0.000293664532490516,0.000484829489141703
us-west-2,fjord-racer1-cruise-ui-ecs-service,06/03/2022 17:00:00,0.000172211497556418,0.000297477359234388,0.000551120284944773
us-west-2,fjord-racer1-cruise-ui-ecs-service,06/03/2022 18:00:00,0.000168512284290045,0.000299218022351122,0.000529849389567971
us-west-2,fjord-racer1-cruise-ui-ecs-service,06/03/2022 19:00:00,0.000167672836687416,0.000295478722754069,0.000540090049616992
us-west-2,fjord-racer1-cruise-ui-ecs-service,06/03/2022 20:00:00,0.000164517434313893,0.000298273320471156,0.000506270374171436
us-west-2,fjord-racer1-cruise-ui-ecs-service,06/03/2022 21:00:00,0.000157011311966926,0.00029765777998139,0.000528787658549845
us-west-2,fjord-racer1-cruise-ui-ecs-service,06/03/2022 22:00:00,0.000156162388157099,0.000300421713338773,0.000588416610844433
us-west-2,fjord-racer1-cruise-ui-ecs-service,06/03/2022 23:00:00,0.000168878259137273,0.00030018176820411,0.000526017602533102
us-west-2,fjord-racer1-cruise-ui-ecs-service,06/04/2022 00:00:00,0.000172218051739037,0.000297328336811468,0.000507194450811336
us-west-2,fjord-racer1-cruise-ui-ecs-service,06/04/2022 01:00:00,0.000154421105980873,0.000294571120467241,0.000502096628770232
us-west-2,fjord-racer1-cruise-ui-ecs-service,06/04/2022 02:00:00,0.000167751777917147,0.000298168636718596,0.000549574638716877
us-west-2,fjord-racer1-cruise-ui-ecs-service,06/04/2022 03:00:00,0.000169476901646703,0.00029774902180061,0.000538126053288579
us-west-2,fjord-racer1-cruise-ui-ecs-service,06/04/2022 04:00:00,0.000169265584554523,0.000300098121533618,0.000561269349418581
us-west-2,fjord-racer1-cruise-ui-ecs-service,06/04/2022 05:00:00,0.000146586778818777,0.000297312231989947,0.00068918492179364
us-west-2,fjord-racer1-cruise-ui-ecs-service,06/04/2022 06:00:00,0.000171637267339975,0.000296313532547105,0.000511255138553679
us-west-2,fjord-racer1-cruise-ui-ecs-service,06/04/2022 07:00:00,0.000167393696028739,0.000298227707236838,0.000530087272636592
us-west-2,fjord-racer1-cruise-ui-ecs-service,06/04/2022 08:00:00,0.000163625238928944,0.000300351782827773,0.000505507225170732
us-west-2,fjord-racer1-cruise-ui-ecs-service,06/04/2022 09:00:00,0.000150177907198668,0.000300713539156783,0.00056630983017385
us-west-2,fjord-racer1-cruise-ui-ecs-service,06/04/2022 10:00:00,0.00017653068061918,0.000298473548120635,0.000552718597464263
us-west-2,fjord-racer1-cruise-ui-ecs-service,06/04/2022 11:00:00,0.000165042718156026,0.000302791747316766,0.000532202166505158
us-west-2,fjord-racer1-cruise-ui-ecs-service,06/04/2022 12:00:00,0.000109427748247981,0.00030247850921642,0.000529935117810965
us-west-2,fjord-racer1-cruise-ui-ecs-service,06/04/2022 13:00:00,0.000181423698086292,0.000296723842427014,0.000496482197195291
us-west-2,fjord-racer1-cruise-ui-ecs-service,06/04/2022 14:00:00,0.000165087194181979,0.000295551763676711,0.000544777419418097
us-west-2,fjord-racer1-cruise-ui-ecs-service,06/04/2022 15:00:00,0.000150145019870251,0.000294627700564243,0.000495442445389926
us-west-2,fjord-racer1-cruise-ui-ecs-service,06/04/2022 16:00:00,0.000172956299502403,0.00030030627634823,0.000582805508747697
us-west-2,fjord-racer1-cruise-ui-ecs-service,06/04/2022 17:00:00,0.000168129149824381,0.000292783510979051,0.000561519339680672
us-west-2,fjord-racer1-cruise-ui-ecs-service,06/04/2022 18:00:00,0.000159691297449172,0.000296329273092865,0.00049903450999409
us-west-2,fjord-racer1-cruise-ui-ecs-service,06/04/2022 19:00:00,0.000170276022981852,0.0002977275965789,0.000562099344097078
us-west-2,fjord-racer1-cruise-ui-ecs-service,06/04/2022 20:00:00,0.000174493424128741,0.000297069660827579,0.000531317862240892
us-west-2,fjord-racer1-cruise-ui-ecs-service,06/04/2022 21:00:00,0.000163718522526324,0.000298373708717314,0.000520338720985149
us-west-2,fjord-racer1-cruise-ui-ecs-service,06/04/2022 22:00:00,0.000164018233772367,0.0002971046805866,0.000582323130220175
us-west-2,fjord-racer1-cruise-ui-ecs-service,06/04/2022 23:00:00,0.000165934022516012,0.00029906247022102,0.00058719866271866
us-west-2,fjord-racer1-cruise-ui-ecs-service,06/05/2022 00:00:00,0.000163635436911136,0.00029559009166682,0.000505564291961491
us-west-2,fjord-racer1-cruise-ui-ecs-service,06/05/2022 01:00:00,0.000169387762434781,0.000298762243002781,0.000528019736520946
us-west-2,fjord-racer1-cruise-ui-ecs-service,06/05/2022 02:00:00,0.000162092910613865,0.000293918790712951,0.000529754348099232
us-west-2,fjord-racer1-cruise-ui-ecs-service,06/05/2022 03:00:00,0.000164296745788306,0.000291710390275872,0.000511866062879562
us-west-2,fjord-racer1-cruise-ui-ecs-service,06/05/2022 04:00:00,0.000161132437642664,0.000329152939467711,0.00603168685920537
us-west-2,fjord-racer1-cruise-ui-ecs-service,06/05/2022 05:00:00,0.000167362822685391,0.000295507713421686,0.000506887776090911
us-west-2,fjord-racer1-cruise-ui-ecs-service,06/05/2022 06:00:00,0.000177683017682284,0.000644584267715324,0.0350978730828501
us-west-2,fjord-racer1-cruise-ui-ecs-service,06/05/2022 07:00:00,0.000169238622765988,0.000302513708664401,0.000681956862344554
us-west-2,fjord-racer1-cruise-ui-ecs-service,06/05/2022 08:00:00,0.000163732760120183,0.000305463261945944,0.000533103919588029
us-west-2,fjord-racer1-cruise-ui-ecs-service,06/05/2022 09:00:00,0.000152076629456133,0.000303281287736804,0.000543413613922894
us-west-2,fjord-racer1-cruise-ui-ecs-service,06/05/2022 10:00:00,0.000170957180671394,0.000303622333579112,0.00065001418912097
us-west-2,fjord-racer1-cruise-ui-ecs-service,06/05/2022 11:00:00,0.000180913682561368,0.000304894088840225,0.000559624936431646
us-west-2,fjord-racer1-cruise-ui-ecs-service,06/05/2022 12:00:00,0.000160312955267727,0.000301242551369906,0.000629069958813488
us-west-2,fjord-racer1-cruise-ui-ecs-service,06/05/2022 13:00:00,0.000161750251815344,0.000296778363959273,0.000642756535671651
us-west-2,fjord-racer1-cruise-ui-ecs-service,06/05/2022 14:00:00,0.000133232481312007,0.000298292655440117,0.000565897487103939
us-west-2,fjord-racer1-cruise-ui-ecs-service,06/05/2022 15:00:00,0.000155686505604535,0.000301182069687721,0.000571528216823936
us-west-2,fjord-racer1-cruise-ui-ecs-service,06/05/2022 16:00:00,0.000163577101193368,0.000297693838607057,0.00055549165699631
us-west-2,fjord-racer1-cruise-ui-ecs-service,06/05/2022 17:00:00,0.000164336187299341,0.000296390175648585,0.000534570359281803
us-west-2,fjord-racer1-cruise-ui-ecs-service,06/05/2022 18:00:00,0.000171245960518718,0.00029670693559936,0.000730717973783612
us-west-2,fjord-racer1-cruise-ui-ecs-service,06/05/2022 19:00:00,0.000158552406355739,0.000298164570101982,0.000560138560831547
us-west-2,fjord-racer1-cruise-ui-ecs-service,06/05/2022 20:00:00,0.000190293835476041,0.000301338337663639,0.000518862134777009
us-west-2,fjord-racer1-cruise-ui-ecs-service,06/05/2022 21:00:00,0.000169447990820596,0.000302308798422265,0.00058599931653589
us-west-2,fjord-racer1-cruise-ui-ecs-service,06/05/2022 22:00:00,0.000188230443745852,0.000296325202073394,0.000574365491047502
us-west-2,fjord-racer1-cruise-ui-ecs-service,06/05/2022 23:00:00,0.000163327204063535,0.000295445738063766,0.000513996975496411
us-west-2,fjord-racer1-cruise-ui-ecs-service,06/06/2022 00:00:00,0.000159169442486018,0.000297929051122182,0.000504939933307469
us-west-2,fjord-racer1-cruise-ui-ecs-service,06/06/2022 01:00:00,0.000166315084788948,0.000295833297865561,0.000508071109652519
us-west-2,fjord-racer1-cruise-ui-ecs-service,06/06/2022 02:00:00,0.000135139003396034,0.000300648759043589,0.000575704057700932
us-west-2,fjord-racer1-cruise-ui-ecs-service,06/06/2022 03:00:00,0.000143644446507096,0.000298812766074699,0.000544062466360629
us-west-2,fjord-racer1-cruise-ui-ecs-service,06/06/2022 04:00:00,0.000179459946230054,0.000305819036623667,0.000581258302554488
us-west-2,fjord-racer1-cruise-ui-ecs-service,06/06/2022 05:00:00,0.000158885922282934,0.000294503708215557,0.000570544949732721
us-west-2,fjord-racer1-cruise-ui-ecs-service,06/06/2022 06:00:00,0.000165510736405849,0.000294231968985412,0.000518198713268104
us-west-2,fjord-racer1-cruise-ui-ecs-service,06/06/2022 07:00:00,0.000163500243797898,0.000294029394631407,0.000516338273882866
us-west-2,fjord-racer1-cruise-ui-ecs-service,06/06/2022 08:00:00,0.00015938124852255,0.000298229273729271,0.000583555083721876
us-west-2,fjord-racer1-cruise-ui-ecs-service,06/06/2022 09:00:00,0.000159888993948698,0.000294210281986865,0.000524367298930883
us-west-2,fjord-racer1-cruise-ui-ecs-service,06/06/2022 10:00:00,0.000164314894936979,0.000299819031304508,0.000541553739458323
us-west-2,fjord-racer1-cruise-ui-ecs-service,06/06/2022 11:00:00,0.000183988874778152,0.000298746850982842,0.000535587058402598
us-west-2,fjord-racer1-cruise-ui-ecs-service,06/06/2022 12:00:00,0.000150662765372545,0.000295315829347179,0.000554897077381611
us-west-2,fjord-racer1-cruise-ui-ecs-service,06/06/2022 13:00:00,0.000166786555200815,0.000299799318389162,0.000510326796211302
us-west-2,fjord-racer1-cruise-ui-ecs-service,06/06/2022 14:00:00,0.00016043825307861,0.000301241545239199,0.000517504708841443
us-west-2,fjord-racer1-cruise-ui-ecs-service,06/06/2022 15:00:00,0.000160941644571722,0.000295796871087001,0.000544780816294645
us-west-2,fjord-racer1-cruise-ui-ecs-service,06/06/2022 16:00:00,0.00015910753281787,0.000298381324189704,0.000610168860293925
us-west-2,fjord-racer1-cruise-ui-ecs-service,06/06/2022 17:00:00,0.000163293385412544,0.000300322861249503,0.00052437495905906
us-west-2,fjord-racer1-cruise-ui-ecs-service,06/06/2022 18:00:00,0.000175564573146403,0.000299296330423116,0.000590623307384943
us-west-2,fjord-racer1-cruise-ui-ecs-service,06/06/2022 19:00:00,0.000175940478220582,0.000305296688218592,0.00156821822747588
us-west-2,fjord-racer1-cruise-ui-ecs-service,06/06/2022 20:00:00,0.000143655078036004,0.000306665807390179,0.000581409549340606
us-west-2,fjord-racer1-cruise-ui-ecs-service,06/06/2022 21:00:00,0.000164905970450491,0.000300367429244097,0.000571722351014614
us-west-2,fjord-racer1-cruise-ui-ecs-service,06/06/2022 22:00:00,0.000152416888158768,0.000297222359564432,0.000548361428081989
us-west-2,fjord-racer1-cruise-ui-ecs-service,06/06/2022 23:00:00,0.000157203339040279,0.000361764538455641,0.000753344059921801
us-west-2,fjord-racer1-cruise-ui-ecs-service,06/07/2022 00:00:00,0.000171433901414275,0.000292308091445162,0.000510397832840681
us-west-2,fjord-racer1-cruise-ui-ecs-service,06/07/2022 01:00:00,0.000164384732488543,0.000298150484278623,0.000513096665963531
us-west-2,fjord-racer1-cruise-ui-ecs-service,06/07/2022 02:00:00,0.000166902784258127,0.000293131418490772,0.000551737076602876
us-west-2,fjord-racer1-cruise-ui-ecs-service,06/07/2022 03:00:00,0.000163919071201235,0.000294483394515059,0.00058927156496793
us-west-2,fjord-racer1-cruise-ui-ecs-service,06/07/2022 04:00:00,0.00016355348052457,0.000300355076330471,0.00058434302918613
us-west-2,fjord-racer1-cruise-ui-ecs-service,06/07/2022 05:00:00,0.000163101288489997,0.000293849042833789,0.000509896106086671
us-west-2,fjord-racer1-cruise-ui-ecs-service,06/07/2022 06:00:00,0.000173676456324756,0.000295518852453046,0.000531518319621682
us-west-2,fjord-racer1-cruise-ui-ecs-service,06/07/2022 07:00:00,0,0.0131703357218719,1.15033185482025
us-west-2,fjord-racer1-cruise-ui-ecs-service,06/07/2022 08:00:00,0,0.000395396395347266,0.00070980261079967
us-west-2,fjord-racer1-cruise-ui-ecs-service,06/07/2022 09:00:00,0,0.000367141003690883,0.000670203448910462
us-west-2,fjord-racer1-cruise-ui-ecs-service,06/07/2022 10:00:00,0,0.000264911369645924,0.000479228892608693
us-west-2,fjord-racer1-cruise-ui-ecs-service,06/07/2022 11:00:00,0,0.000269239960333388,0.000488319038413465
us-west-2,fjord-racer1-cruise-ui-ecs-service,06/07/2022 12:00:00,0,0.000265747538031596,0.000532550923526287
us-west-2,fjord-racer1-cruise-ui-ecs-service,06/07/2022 13:00:00,0,0.000274979441666175,0.00108796875237634
us-west-2,fjord-racer1-cruise-ui-ecs-service,06/07/2022 14:00:00,0,0.000265509283152189,0.000480090547353029
us-west-2,fjord-racer1-cruise-ui-ecs-service,06/07/2022 15:00:00,0,0.000264917743090193,0.000506837293505669
us-west-2,fjord-racer1-cruise-ui-ecs-service,06/07/2022 16:00:00,0,0.000260832901948129,0.000477427639998496
us-west-2,fjord-racer1-cruise-ui-ecs-service,06/07/2022 17:00:00,0,0.000264557567585021,0.000498012541548202
us-west-2,fjord-racer1-cruise-ui-ecs-service,06/07/2022 18:00:00,0,0.000257786609718472,0.000520795735064894
us-west-2,fjord-racer1-cruise-ui-ecs-service,06/07/2022 19:00:00,0,0.000268456467743687,0.000511477468535304
us-west-2,fjord-racer1-cruise-ui-ecs-service,06/07/2022 20:00:00,0,0.000260154236355423,0.000536239985376596
us-west-2,fjord-racer1-cruise-ui-ecs-service,06/07/2022 21:00:00,0,0.000266585814978993,0.000491145113483071
us-west-2,fjord-racer1-cruise-ui-ecs-service,06/07/2022 22:00:00,0,0.000264900149130237,0.000474279699847102
us-west-2,fjord-racer1-cruise-ui-ecs-service,06/07/2022 23:00:00,0,0.000262558497565339,0.000489346077665687
us-west-2,fjord-racer1-cruise-ui-ecs-service,06/08/2022 00:00:00,0,0.00026434472621215,0.000498177413828671
us-west-2,fjord-racer1-cruise-ui-ecs-service,06/08/2022 01:00:00,0,0.000261968152969692,0.000520655517711451
us-west-2,fjord-racer1-cruise-ui-ecs-service,06/08/2022 02:00:00,0,0.000261053234589111,0.000482597339310144
us-west-2,fjord-racer1-cruise-ui-ecs-service,06/08/2022 03:00:00,0,0.000262992322798871,0.00051317677686089
us-west-2,fjord-racer1-cruise-ui-ecs-service,06/08/2022 04:00:00,0,0.000257646296428865,0.000481209913758855
us-west-2,fjord-racer1-cruise-ui-ecs-service,06/08/2022 05:00:00,0,0.000258861234850646,0.000454231491312385
us-west-2,fjord-racer1-cruise-ui-ecs-service,06/08/2022 06:00:00,0,0.000264135718827258,0.000519081158563495
us-west-2,fjord-racer1-cruise-ui-ecs-service,06/08/2022 07:00:00,0,0.000266611952448483,0.000487018958665431
us-west-2,fjord-racer1-cruise-ui-ecs-service,06/08/2022 08:00:00,0,0.000264211722022441,0.000461911736056209
us-west-2,fjord-racer1-cruise-ui-ecs-service,06/08/2022 09:00:00,0,0.000265439802024951,0.000508633116260171
us-west-2,fjord-racer1-cruise-ui-ecs-service,06/08/2022 10:00:00,0,0.000261309104205517,0.000475939223542809
us-west-2,fjord-racer1-cruise-ui-ecs-service,06/08/2022 11:00:00,0,0.000266110908705324,0.000522201834246516
us-west-2,fjord-racer1-cruise-ui-ecs-service,06/08/2022 12:00:00,0,0.000259254631284608,0.00045751721451157
us-west-2,fjord-racer1-cruise-ui-ecs-service,06/08/2022 13:00:00,0,0.000267124011872271,0.000579096004366875
us-west-2,fjord-racer1-cruise-ui-ecs-service,06/08/2022 14:00:00,0,0.000260384956534212,0.000495897931978106
us-west-2,fjord-racer1-cruise-ui-ecs-service,06/08/2022 15:00:00,0,0.000266216587224455,0.000475219404324889
us-west-2,fjord-racer1-cruise-ui-ecs-service,06/08/2022 16:00:00,0,0.000264181779834954,0.000504370778799057
us-west-2,fjord-racer1-cruise-ui-ecs-service,06/08/2022 17:00:00,0,0.00026546971175816,0.000472209649160504
us-west-2,fjord-racer1-cruise-ui-ecs-service,06/08/2022 18:00:00,0,0.000266212651630873,0.000476914457976818
us-west-2,fjord-racer1-cruise-ui-ecs-service,06/08/2022 19:00:00,0,0.000264416144030973,0.00055263489484787
us-west-2,fjord-racer1-cruise-ui-ecs-service,06/08/2022 20:00:00,0,0.000264503809380016,0.000646227272227407
us-west-2,fjord-racer1-cruise-ui-ecs-service,06/08/2022 21:00:00,0,0.000264890819881387,0.000514652138870013
us-west-2,fjord-racer1-cruise-ui-ecs-service,06/08/2022 22:00:00,0,0.000259110897479191,0.000460437429137528
us-west-2,fjord-racer1-cruise-ui-ecs-service,06/08/2022 23:00:00,0,0.00026453809380204,0.000578009290620685
us-west-2,fjord-racer1-cruise-ui-ecs-service,06/09/2022 00:00:00,0,0.000263602109496021,0.000515496358275414
us-west-2,fjord-racer1-cruise-ui-ecs-service,06/09/2022 01:00:00,0,0.00026799519114458,0.000540663243737072
us-west-2,fjord-racer1-cruise-ui-ecs-service,06/09/2022 02:00:00,0,0.000264027484208361,0.000556043512187898
us-west-2,fjord-racer1-cruise-ui-ecs-service,06/09/2022 03:00:00,0,0.000266816992650811,0.00049185159150511
us-west-2,fjord-racer1-cruise-ui-ecs-service,06/09/2022 04:00:00,0,0.00025879700287985,0.000471514649689198
us-west-2,fjord-racer1-cruise-ui-ecs-service,06/09/2022 05:00:00,0,0.000260950098015482,0.000509803416207433
us-west-2,fjord-racer1-cruise-ui-ecs-service,06/09/2022 06:00:00,0,0.000267964942619659,0.000510892487670246
us-west-2,fjord-racer1-cruise-ui-ecs-service,06/09/2022 07:00:00,0,0.000261828056511061,0.000532260899873156
us-west-2,fjord-racer1-cruise-ui-ecs-service,06/09/2022 08:00:00,0,0.000264495877969199,0.000454496499150992
us-west-2,fjord-racer1-cruise-ui-ecs-service,06/09/2022 09:00:00,0,0.000257966686256314,0.000479067332650486
us-west-2,fjord-racer1-cruise-ui-ecs-service,06/09/2022 10:00:00,0,0.000260146220717174,0.000497271453863696
us-west-2,fjord-racer1-cruise-ui-ecs-service,06/09/2022 11:00:00,0,0.000258714166666221,0.000562037667259574
us-west-2,fjord-racer1-cruise-ui-ecs-service,06/09/2022 12:00:00,0,0.000262611061953295,0.000497650060998766
us-west-2,fjord-racer1-cruise-ui-ecs-service,06/09/2022 13:00:00,0,0.000262414960232086,0.000526850111782551
us-west-2,fjord-racer1-cruise-ui-ecs-service,06/09/2022 14:00:00,0,0.00026391374283011,0.000496857101097703
us-west-2,fjord-racer1-cruise-ui-ecs-service,06/09/2022 15:00:00,0,0.000264095000239524,0.000494794184832197
us-west-2,fjord-racer1-cruise-ui-ecs-service,06/09/2022 16:00:00,0,0.000264440764275597,0.000517703872174025
us-west-2,fjord-racer1-cruise-ui-ecs-service,06/09/2022 17:00:00,0,0.000261026072267654,0.000452166714239865
us-west-2,fjord-racer1-cruise-ui-ecs-service,06/09/2022 18:00:00,0,0.000261673532469019,0.0004524951800704
us-west-2,fjord-racer1-cruise-ui-ecs-service,06/09/2022 19:00:00,0,0.000265682969797476,0.000525030650590595
us-west-2,fjord-racer1-cruise-ui-ecs-service,06/09/2022 20:00:00,0,0.000266476394172362,0.000527320057153702
us-west-2,fjord-racer1-cruise-ui-ecs-service,06/09/2022 21:00:00,0,0.000262689614574659,0.000501269474625587
us-west-2,fjord-racer1-cruise-ui-ecs-service,06/09/2022 22:00:00,0,0.000261827138662454,0.000479312683455646
us-west-2,fjord-racer1-cruise-ui-ecs-service,06/09/2022 23:00:00,0,0.000261189445633797,0.00047416347078979
us-west-2,fjord-racer1-cruise-ui-ecs-service,06/10/2022 00:00:00,0,0.000261190023303873,0.000503097847104073
us-west-2,fjord-racer1-cruise-ui-ecs-service,06/10/2022 01:00:00,0,0.000259910372601426,0.000462151505053043
us-west-2,fjord-racer1-cruise-ui-ecs-service,06/10/2022 02:00:00,0,0.000312320156500392,0.0036403532139957
us-west-2,fjord-racer1-cruise-ui-ecs-service,06/10/2022 03:00:00,0,0.0002654221273952,0.000624607503414154
us-west-2,fjord-racer1-cruise-ui-ecs-service,06/10/2022 04:00:00,0,0.000261201152132629,0.000483161583542824
us-west-2,fjord-racer1-cruise-ui-ecs-service,06/10/2022 05:00:00,0,0.000272482839153501,0.0005953015293926
us-west-2,fjord-racer1-cruise-ui-ecs-service,06/10/2022 06:00:00,0,0.000260302348071012,0.000508424360305071
us-west-2,fjord-racer1-cruise-ui-ecs-service,06/10/2022 07:00:00,0,0.000284690398821469,0.00185804429929703
us-west-2,fjord-racer1-cruise-ui-ecs-service,06/10/2022 08:00:00,0,0.000291200573769782,0.00167115936055779
us-west-2,fjord-racer1-cruise-ui-ecs-service,06/10/2022 09:00:00,0,0.00026865200167653,0.00067551372339949
us-west-2,fjord-racer1-cruise-ui-ecs-service,06/10/2022 10:00:00,0,0.00026746387638934,0.000508408690802753
us-west-2,fjord-racer1-cruise-ui-ecs-service,06/10/2022 11:00:00,0,0.00027045438615092,0.000507543794810772
us-west-2,fjord-racer1-cruise-ui-ecs-service,06/10/2022 12:00:00,0,0.000271267077395765,0.00075788099784404
us-west-2,fjord-racer1-cruise-ui-ecs-service,06/10/2022 13:00:00,0,0.000263540571314185,0.000554879801347852
us-west-2,fjord-racer1-cruise-ui-ecs-service,06/10/2022 14:00:00,0,0.000260838238714769,0.000520181655883789
us-west-2,fjord-racer1-cruise-ui-ecs-service,06/10/2022 15:00:00,0,0.000260785690589864,0.000477944267913699
us-west-2,fjord-racer1-cruise-ui-ecs-service,06/10/2022 16:00:00,0,0.000262138093832401,0.000475625554099679
us-west-2,fjord-racer1-cruise-ui-ecs-service,06/10/2022 17:00:00,0,0.000266136629631197,0.000776602700352669
us-west-2,fjord-racer1-cruise-ui-ecs-service,06/10/2022 18:00:00,0,0.000263294084264263,0.000501147177266447
us-west-2,fjord-racer1-cruise-ui-ecs-service,06/10/2022 19:00:00,0,0.000262523915207446,0.000525664770975709
us-west-2,fjord-racer1-cruise-ui-ecs-service,06/10/2022 20:00:00,0,0.000262685029896666,0.000478953076526523
us-west-2,fjord-racer1-cruise-ui-ecs-service,06/10/2022 21:00:00,0,0.00026834777995559,0.000567886722274125
us-west-2,fjord-racer1-cruise-ui-ecs-service,06/10/2022 22:00:00,0,0.000261925779872101,0.000449756532907486
us-west-2,fjord-racer1-cruise-ui-ecs-service,06/10/2022 23:00:00,0,0.000267817027302646,0.00056071225553751
us-west-2,fjord-racer1-cruise-ui-ecs-service,06/11/2022 00:00:00,0,0.000264969887813,0.000494646048173308
us-west-2,fjord-racer1-cruise-ui-ecs-service,06/11/2022 01:00:00,0,0.000262310919012088,0.000494605469468393
us-west-2,fjord-racer1-cruise-ui-ecs-service,06/11/2022 02:00:00,0,0.000261201755432226,0.000600339146330953
us-west-2,fjord-racer1-cruise-ui-ecs-service,06/11/2022 03:00:00,0,0.000265489520629296,0.000567190977744758
us-west-2,fjord-racer1-cruise-ui-ecs-service,06/11/2022 04:00:00,0,0.000258845159778399,0.000479793764258686
us-west-2,fjord-racer1-cruise-ui-ecs-service,06/11/2022 05:00:00,0,0.000262890524558924,0.000533236563205719
us-west-2,fjord-racer1-cruise-ui-ecs-service,06/11/2022 06:00:00,0,0.000266240066224231,0.000512507883831859
us-west-2,fjord-racer1-cruise-ui-ecs-service,06/11/2022 07:00:00,0,0.000269237147835679,0.000509174726903439
us-west-2,fjord-racer1-cruise-ui-ecs-service,06/11/2022 08:00:00,0,0.00026154401098792,0.00051252874545753
us-west-2,fjord-racer1-cruise-ui-ecs-service,06/11/2022 09:00:00,0,0.000268170212101283,0.000485626910813153
us-west-2,fjord-racer1-cruise-ui-ecs-service,06/11/2022 10:00:00,0,0.000260436439877905,0.000486081093549728
us-west-2,fjord-racer1-cruise-ui-ecs-service,06/11/2022 11:00:00,0,0.000257925920206894,0.000452685309574008
us-west-2,fjord-racer1-cruise-ui-ecs-service,06/11/2022 12:00:00,0,0.000265287549925246,0.000540640717372298
us-west-2,fjord-racer1-cruise-ui-ecs-service,06/11/2022 13:00:00,0,0.00026116852705523,0.000507797999307513
us-west-2,fjord-racer1-cruise-ui-ecs-service,06/11/2022 14:00:00,0,0.000263115661497801,0.000486812042072415
us-west-2,fjord-racer1-cruise-ui-ecs-service,06/11/2022 15:00:00,0,0.000260439941432248,0.000495759677141905
us-west-2,fjord-racer1-cruise-ui-ecs-service,06/11/2022 16:00:00,0,0.000259685271894271,0.00047443825751543
us-west-2,fjord-racer1-cruise-ui-ecs-service,06/11/2022 17:00:00,0,0.000266098681622875,0.000552448787187275
us-west-2,fjord-racer1-cruise-ui-ecs-service,06/11/2022 18:00:00,0,0.000262651246396024,0.000513087678700685
us-west-2,fjord-racer1-cruise-ui-ecs-service,06/11/2022 19:00:00,0,0.000263771520066859,0.00048187340144068
us-west-2,fjord-racer1-cruise-ui-ecs-service,06/11/2022 20:00:00,0,0.000264138859346928,0.000487127644009888
us-west-2,fjord-racer1-cruise-ui-ecs-service,06/11/2022 21:00:00,0,0.000263890946764551,0.000501786731183529
us-west-2,fjord-racer1-cruise-ui-ecs-service,06/11/2022 22:00:00,0,0.000264195042326527,0.000570040801540017
us-west-2,fjord-racer1-cruise-ui-ecs-service,06/11/2022 23:00:00,0,0.000263309697951811,0.000477718375623226
us-west-2,fjord-racer1-cruise-ui-ecs-service,06/12/2022 00:00:00,0,0.000268941019953358,0.000550121488049626
us-west-2,fjord-racer1-cruise-ui-ecs-service,06/12/2022 01:00:00,0,0.000259502829795186,0.000499910721555352
us-west-2,fjord-racer1-cruise-ui-ecs-service,06/12/2022 02:00:00,0,0.000254289264043572,0.000450885854661465
us-west-2,fjord-racer1-cruise-ui-ecs-service,06/12/2022 03:00:00,0,0.000266275323484743,0.000679591612424701
us-west-2,fjord-racer1-cruise-ui-ecs-service,06/12/2022 04:00:00,0,0.000259723925841646,0.000466255843639374
us-west-2,fjord-racer1-cruise-ui-ecs-service,06/12/2022 05:00:00,0,0.0002637864872293,0.000490485457703471
us-west-2,fjord-racer1-cruise-ui-ecs-service,06/12/2022 06:00:00,0,0.000267909205274771,0.000521827558986843
us-west-2,fjord-racer1-cruise-ui-ecs-service,06/12/2022 07:00:00,0,0.000261510086488504,0.000548397330567241
us-west-2,fjord-racer1-cruise-ui-ecs-service,06/12/2022 08:00:00,0,0.000261593074508087,0.000497917411848903
us-west-2,fjord-racer1-cruise-ui-ecs-service,06/12/2022 09:00:00,0,0.00025816128581433,0.000465083541348577
us-west-2,fjord-racer1-cruise-ui-ecs-service,06/12/2022 10:00:00,0,0.000256243738475529,0.000489111733622849
us-west-2,fjord-racer1-cruise-ui-ecs-service,06/12/2022 11:00:00,0,0.000264142396805085,0.000528417341411114
us-west-2,fjord-racer1-cruise-ui-ecs-service,06/12/2022 12:00:00,0,0.000262553072089571,0.000550444470718503
us-west-2,fjord-racer1-cruise-ui-ecs-service,06/12/2022 13:00:00,0,0.000260882410900272,0.000469931541010737
us-west-2,fjord-racer1-cruise-ui-ecs-service,06/12/2022 14:00:00,0,0.00026681467049192,0.000546520063653588
us-west-2,fjord-racer1-cruise-ui-ecs-service,06/12/2022 15:00:00,0,0.0002650679899334,0.000495964800938964
us-west-2,fjord-racer1-cruise-ui-ecs-service,06/12/2022 16:00:00,0,0.000264558770637975,0.000474389316514134
us-west-2,fjord-racer1-cruise-ui-ecs-service,06/12/2022 17:00:00,0,0.000266088272857225,0.000498733343556523
us-west-2,fjord-racer1-cruise-ui-ecs-service,06/12/2022 18:00:00,0,0.000264432602084672,0.000511099630966783
us-west-2,fjord-racer1-cruise-ui-ecs-service,06/12/2022 19:00:00,0,0.000267831436050097,0.00053633782081306
us-west-2,fjord-racer1-cruise-ui-ecs-service,06/12/2022 20:00:00,0,0.000266642175196385,0.00049136895686388
us-west-2,fjord-racer1-cruise-ui-ecs-service,06/12/2022 21:00:00,0,0.0002628293702829,0.000635606236755848
us-west-2,fjord-racer1-cruise-ui-ecs-service,06/12/2022 22:00:00,0,0.000267139209172091,0.000493440730497241
us-west-2,fjord-racer1-cruise-ui-ecs-service,06/12/2022 23:00:00,0,0.000263363698173805,0.00053119626827538
us-west-2,fjord-racer1-cruise-ui-ecs-service,06/13/2022 00:00:00,0,0.000265253909668498,0.00054640406742692
us-west-2,fjord-racer1-cruise-ui-ecs-service,06/13/2022 01:00:00,0,0.000266877184951999,0.000484761409461498
us-west-2,fjord-racer1-cruise-ui-ecs-service,06/13/2022 02:00:00,0,0.000266803811033535,0.000470279227010906
us-west-2,fjord-racer1-cruise-ui-ecs-service,06/13/2022 03:00:00,0,0.000264331675396546,0.000464744982309639
us-west-2,fjord-racer1-cruise-ui-ecs-service,06/13/2022 04:00:00,0,0.000267910902284233,0.000533405593351314
us-west-2,fjord-racer1-cruise-ui-ecs-service,06/13/2022 05:00:00,0,0.000266438215836073,0.000478494819253683
us-west-2,fjord-racer1-cruise-ui-ecs-service,06/13/2022 06:00:00,0,0.000270607651747626,0.000505873188376427
us-west-2,fjord-racer1-cruise-ui-ecs-service,06/13/2022 07:00:00,0,0.00026963544130128,0.00049404026940465
us-west-2,fjord-racer1-cruise-ui-ecs-service,06/13/2022 08:00:00,0,0.00055764014260083,0.00589661080157384
us-west-2,fjord-racer1-cruise-ui-ecs-service,06/13/2022 09:00:00,0,0.000280395177730258,0.00227432413375936
us-west-2,fjord-racer1-cruise-ui-ecs-service,06/13/2022 10:00:00,0,0.000259564194421099,0.000472685438580811
us-west-2,fjord-racer1-cruise-ui-ecs-service,06/13/2022 11:00:00,0,0.000262062247129485,0.00048770559951663
us-west-2,fjord-racer1-cruise-ui-ecs-service,06/13/2022 12:00:00,0,0.000260472513843144,0.000477933883666992
us-west-2,fjord-racer1-cruise-ui-ecs-service,06/13/2022 13:00:00,0,0.000258624480605723,0.000472831213846803
us-west-2,fjord-racer1-cruise-ui-ecs-service,06/13/2022 14:00:00,0,0.000266538245822763,0.00049500608522641
us-west-2,fjord-racer1-cruise-ui-ecs-service,06/13/2022 15:00:00,0,0.000260803973601906,0.000518939294852316
us-west-2,fjord-racer1-cruise-ui-ecs-service,06/13/2022 16:00:00,0,0.000265413450648272,0.000562011636793613
us-west-2,fjord-racer1-cruise-ui-ecs-service,06/13/2022 17:00:00,0,0.000266763545417377,0.000494542252272367
us-west-2,fjord-racer1-cruise-ui-ecs-service,06/13/2022 18:00:00,0,0.000267184459207873,0.000464692339301109
us-west-2,fjord-racer1-cruise-ui-ecs-service,06/13/2022 19:00:00,0,0.000271999574057869,0.000526931896609695
us-west-2,fjord-racer1-cruise-ui-ecs-service,06/13/2022 20:00:00,0,0.000265670649718057,0.000504506163691219
us-west-2,fjord-racer1-cruise-ui-ecs-service,06/13/2022 21:00:00,0,0.000265695305936444,0.000558246066793799
us-west-2,fjord-racer1-cruise-ui-ecs-service,06/13/2022 22:00:00,0,0.000263379896027482,0.000485963956452906
us-west-2,fjord-racer1-cruise-ui-ecs-service,06/13/2022 23:00:00,0,0.000263175042070665,0.000682100607082248
us-west-2,fjord-racer1-cruise-ui-ecs-service,06/14/2022 00:00:00,0,0.000264264004268425,0.000524689734447747
us-west-2,fjord-racer1-cruise-ui-ecs-service,06/14/2022 01:00:00,0,0.000266488588340353,0.000476238643750548
us-west-2,fjord-racer1-cruise-ui-ecs-service,06/14/2022 02:00:00,0,0.000268717035801263,0.000895567052066326
us-west-2,fjord-racer1-cruise-ui-ecs-service,06/14/2022 03:00:00,0,0.000302656446478057,0.0057957568205893
us-west-2,fjord-racer1-cruise-ui-ecs-service,06/14/2022 04:00:00,0,0.000265305708765069,0.000502498843707144
us-west-2,fjord-racer1-cruise-ui-ecs-service,06/14/2022 05:00:00,0,0.000259238872252603,0.000452428664031782
us-west-2,fjord-racer1-cruise-ui-ecs-service,06/14/2022 06:00:00,0,0.000259864802564485,0.000497289164923132
us-west-2,fjord-racer1-cruise-ui-ecs-service,06/14/2022 07:00:00,0,0.000263560845353101,0.000490865809842944
us-west-2,fjord-racer1-cruise-ui-ecs-service,06/14/2022 08:00:00,0,0.000261872977788007,0.000467435515020043
us-west-2,fjord-racer1-cruise-ui-ecs-service,06/14/2022 09:00:00,0,0.000258048732916627,0.000635580718517303
us-west-2,fjord-racer1-cruise-ui-ecs-service,06/14/2022 10:00:00,0,0.000263132506581316,0.000514990463852882
us-west-2,fjord-racer1-cruise-ui-ecs-service,06/14/2022 11:00:00,0,0.000262741396328145,0.000466383993625641
us-west-2,fjord-racer1-cruise-ui-ecs-service,06/14/2022 12:00:00,0,0.000256525396106602,0.00048182460013777
us-west-2,fjord-racer1-cruise-ui-ecs-service,06/14/2022 13:00:00,0,0.000261086756315374,0.000487997429445386
us-west-2,fjord-racer1-cruise-ui-ecs-service,06/14/2022 14:00:00,0,0.000260610591700818,0.000464696817002014
us-west-2,fjord-racer1-cruise-ui-ecs-service,06/14/2022 15:00:00,0,0.000260107716971892,0.00052353092469275
us-west-2,fjord-racer1-cruise-ui-ecs-service,06/14/2022 16:00:00,0,0.000259352389377664,0.000515735070956381
us-west-2,fjord-racer1-cruise-ui-ecs-service,06/14/2022 17:00:00,0,0.000262292783123487,0.000490344315767288
us-west-2,fjord-racer1-cruise-ui-ecs-service,06/14/2022 18:00:00,0,0.000259753851531985,0.000485485512763262
us-west-2,fjord-racer1-cruise-ui-ecs-service,06/14/2022 19:00:00,0,0.000261441590647584,0.000507275061681867
us-west-2,fjord-racer1-cruise-ui-ecs-service,06/14/2022 20:00:00,0,0.000270270801099264,0.000553877744823694
us-west-2,fjord-racer1-cruise-ui-ecs-service,06/14/2022 21:00:00,0,0.0002695161736405,0.000602305633947253
us-west-2,fjord-racer1-cruise-ui-ecs-service,06/14/2022 22:00:00,0,0.00026287038025781,0.000529178441502154
us-west-2,fjord-racer1-cruise-ui-ecs-service,06/14/2022 23:00:00,0,0.000263244583431116,0.000529002118855715
us-west-2,fjord-racer1-cruise-ui-ecs-service,06/15/2022 00:00:00,0,0.000264710964838959,0.000618290901184082
us-west-2,fjord-racer1-cruise-ui-ecs-service,06/15/2022 01:00:00,0,0.000264373234440292,0.000478146143723279
us-west-2,fjord-racer1-cruise-ui-ecs-service,06/15/2022 02:00:00,0,0.000261028405855551,0.000517147989012301
us-west-2,fjord-racer1-cruise-ui-ecs-service,06/15/2022 03:00:00,0,0.000268109363297686,0.000754221808165312
us-west-2,fjord-racer1-cruise-ui-ecs-service,06/15/2022 04:00:00,0,0.000259053546456383,0.000510398857295513
us-west-2,fjord-racer1-cruise-ui-ecs-service,06/15/2022 05:00:00,0,0.000256602331258981,0.000470203906297684
us-west-2,fjord-racer1-cruise-ui-ecs-service,06/15/2022 06:00:00,0,0.000262420254427124,0.000498500000685453
us-west-2,fjord-racer1-cruise-ui-ecs-service,06/15/2022 07:00:00,0,0.000260819435393461,0.000487066712230444
us-west-2,fjord-racer1-cruise-ui-ecs-service,06/15/2022 08:00:00,0,0.000261081416454801,0.000488807866349816
us-west-2,fjord-racer1-cruise-ui-ecs-service,06/15/2022 09:00:00,0,0.000260830141276857,0.000482848845422268
us-west-2,fjord-racer1-cruise-ui-ecs-service,06/15/2022 10:00:00,0,0.000262839967033741,0.000483593810349703
us-west-2,fjord-racer1-cruise-ui-ecs-service,06/15/2022 11:00:00,0,0.000269300489984941,0.000469288346357644
us-west-2,fjord-racer1-cruise-ui-ecs-service,06/15/2022 12:00:00,0,0.000266554917983498,0.000500241341069341
us-west-2,fjord-racer1-cruise-ui-ecs-service,06/15/2022 13:00:00,0,0.000264020585430686,0.000485218456014991
us-west-2,fjord-racer1-cruise-ui-ecs-service,06/15/2022 14:00:00,0,0.000271152722596569,0.000501793180592358
us-west-2,fjord-racer1-cruise-ui-ecs-service,06/15/2022 15:00:00,0,0.000268137665087851,0.00050231427885592
us-west-2,fjord-racer1-cruise-ui-ecs-service,06/15/2022 16:00:00,0,0.00026602274281989,0.000492531573399901
us-west-2,fjord-racer1-cruise-ui-ecs-service,06/15/2022 17:00:00,0,0.000264375930297298,0.000505854608491063
us-west-2,fjord-racer1-cruise-ui-ecs-service,06/15/2022 18:00:00,0,0.000273487312946428,0.000504551408812404
us-west-2,fjord-racer1-cruise-ui-ecs-service,06/15/2022 19:00:00,0,0.000260463880396424,0.000509361550211906
us-west-2,fjord-racer1-cruise-ui-ecs-service,06/15/2022 20:00:00,0,0.00026776824185504,0.000499336470572932
us-west-2,fjord-racer1-cruise-ui-ecs-service,06/15/2022 21:00:00,0,0.000268617643775501,0.000533324806019664
us-west-2,fjord-racer1-cruise-ui-ecs-service,06/15/2022 22:00:00,0,0.000262345248083125,0.000492173084057867
us-west-2,fjord-racer1-cruise-ui-ecs-service,06/15/2022 23:00:00,0,0.000268663444245237,0.000560319144278765
us-west-2,fjord-racer1-cruise-ui-ecs-service,06/16/2022 00:00:00,0,0.000268712766280724,0.000503893080167472
us-west-2,fjord-racer1-cruise-ui-ecs-service,06/16/2022 01:00:00,0,0.000261912413627902,0.000477069694744913
us-west-2,fjord-racer1-cruise-ui-ecs-service,06/16/2022 02:00:00,0,0.000266053848822317,0.000464910315349698
us-west-2,fjord-racer1-cruise-ui-ecs-service,06/16/2022 03:00:00,0,0.000266112483264141,0.000523452833294868
us-west-2,fjord-racer1-cruise-ui-ecs-service,06/16/2022 04:00:00,0,0.000264402660481472,0.000541706848889589
us-west-2,fjord-racer1-cruise-ui-ecs-service,06/16/2022 05:00:00,0,0.000266172685796686,0.000483722169883549
us-west-2,fjord-racer1-cruise-ui-ecs-service,06/16/2022 06:00:00,0,0.000265767362741525,0.000509921927005053
us-west-2,fjord-racer1-cruise-ui-ecs-service,06/16/2022 07:00:00,0,0.00026453373328415,0.000624830687516614
us-west-2,fjord-racer1-cruise-ui-ecs-service,06/16/2022 08:00:00,0,0.000265539050076641,0.000619423808529973
us-west-2,fjord-racer1-cruise-ui-ecs-service,06/16/2022 09:00:00,0,0.000268713520814486,0.000485584139823914
us-west-2,fjord-racer1-cruise-ui-ecs-service,06/16/2022 10:00:00,0,0.000264227423395822,0.000596093619242311
us-west-2,fjord-racer1-cruise-ui-ecs-service,06/16/2022 11:00:00,0,0.000263481572914334,0.000559690129011869
us-west-2,fjord-racer1-cruise-ui-ecs-service,06/16/2022 12:00:00,0,0.000272516710913776,0.000765208865662939
us-west-2,fjord-racer1-cruise-ui-ecs-service,06/16/2022 13:00:00,0,0.00026410018368371,0.000496916752308607
us-west-2,fjord-racer1-cruise-ui-ecs-service,06/16/2022 14:00:00,0,0.000262011886013025,0.000472879270091653
us-west-2,fjord-racer1-cruise-ui-ecs-service,06/16/2022 15:00:00,0,0.000263526033942365,0.000492624565958977
us-west-2,fjord-racer1-cruise-ui-ecs-service,06/16/2022 16:00:00,0,0.000269282976417723,0.000486869644373655
us-west-2,fjord-racer1-cruise-ui-ecs-service,06/16/2022 17:00:00,0,0.000269471933192667,0.000598989869467914
us-west-2,fjord-racer1-cruise-ui-ecs-service,06/16/2022 18:00:00,0,0.000269396193931275,0.000488504813984036
us-west-2,fjord-racer1-cruise-ui-ecs-service,06/16/2022 19:00:00,0,0.000267516867774074,0.000503935292363167
us-west-2,fjord-racer1-cruise-ui-ecs-service,06/16/2022 20:00:00,0,0.000267200090637881,0.000505975936539471
us-west-2,fjord-racer1-cruise-ui-ecs-service,06/16/2022 21:00:00,0,0.000267655051685053,0.000481613678857684
us-west-2,fjord-racer1-cruise-ui-ecs-service,06/16/2022 22:00:00,0,0.000266780789969434,0.000527574634179473
us-west-2,fjord-racer1-cruise-ui-ecs-service,06/16/2022 23:00:00,0,0.000269692926000946,0.000522363884374499
us-west-2,fjord-racer1-cruise-ui-ecs-service,06/17/2022 00:00:00,0,0.00026303749365124,0.000522403267677873
us-west-2,fjord-racer1-cruise-ui-ecs-service,06/17/2022 01:00:00,0,0.000270894228037469,0.000496820639818907
us-west-2,fjord-racer1-cruise-ui-ecs-service,06/17/2022 02:00:00,0,0.00026588679935005,0.000593664543703198
us-west-2,fjord-racer1-cruise-ui-ecs-service,06/17/2022 03:00:00,0,0.000266125885779659,0.000520546152256429
us-west-2,fjord-racer1-cruise-ui-ecs-service,06/17/2022 04:00:00,0,0.000260887543037874,0.000528564373962581
us-west-2,fjord-racer1-cruise-ui-ecs-service,06/17/2022 05:00:00,0,0.000260097902278994,0.000485217835950224
us-west-2,fjord-racer1-cruise-ui-ecs-service,06/17/2022 06:00:00,0,0.000269111133016857,0.000535345077514648
us-west-2,fjord-racer1-cruise-ui-ecs-service,06/17/2022 07:00:00,0,0.000264339190697025,0.000480131432414055
us-west-2,fjord-racer1-cruise-ui-ecs-service,06/17/2022 08:00:00,0,0.000268099033215415,0.000496174907311797
us-west-2,fjord-racer1-cruise-ui-ecs-service,06/17/2022 09:00:00,0,0.000268520380341636,0.000512968236580491
us-west-2,fjord-racer1-cruise-ui-ecs-service,06/17/2022 10:00:00,0,0.000271887259465581,0.000488115381449461
us-west-2,fjord-racer1-cruise-ui-ecs-service,06/17/2022 11:00:00,0,0.000266981426440151,0.000520076276734471
us-west-2,fjord-racer1-cruise-ui-ecs-service,06/17/2022 12:00:00,0,0.000266090021310537,0.000489088473841548
us-west-2,fjord-racer1-cruise-ui-ecs-service,06/17/2022 13:00:00,0,0.000268232775582712,0.000678299972787499
us-west-2,fjord-racer1-cruise-ui-ecs-service,06/17/2022 14:00:00,0,0.000269745040032677,0.000489172697263329
us-west-2,fjord-racer1-cruise-ui-ecs-service,06/17/2022 15:00:00,0,0.000268878368910921,0.000579342059791088
us-west-2,fjord-racer1-cruise-ui-ecs-service,06/17/2022 16:00:00,0,0.00026497253396972,0.000495226563591706
us-west-2,fjord-racer1-cruise-ui-ecs-service,06/17/2022 17:00:00,0,0.000269340403154927,0.00052496618591249
us-west-2,fjord-racer1-cruise-ui-ecs-service,06/17/2022 18:00:00,0,0.000269365891541716,0.000485991127789021
us-west-2,fjord-racer1-cruise-ui-ecs-service,06/17/2022 19:00:00,0,0.000270316826410612,0.0005269146990031
us-west-2,fjord-racer1-cruise-ui-ecs-service,06/17/2022 20:00:00,0,0.000267441719710569,0.000505788810551167
us-west-2,fjord-racer1-cruise-ui-ecs-service,06/17/2022 21:00:00,0,0.000271361638153074,0.000567462085746229
us-west-2,fjord-racer1-cruise-ui-ecs-service,06/17/2022 22:00:00,0,0.000268868094548217,0.000542393233627081
us-west-2,fjord-racer1-cruise-ui-ecs-service,06/17/2022 23:00:00,0,0.000259227514474645,0.000447178119793534
us-west-2,fjord-racer1-cruise-ui-ecs-service,06/18/2022 00:00:00,0,0.000266624257416994,0.000497178407385945
us-west-2,fjord-racer1-cruise-ui-ecs-service,06/18/2022 01:00:00,0,0.000263123261497728,0.000490241916850209
us-west-2,fjord-racer1-cruise-ui-ecs-service,06/18/2022 02:00:00,0,0.000265349277263617,0.000497777387499809
us-west-2,fjord-racer1-cruise-ui-ecs-service,06/18/2022 03:00:00,0,0.000267042854611427,0.000603951932862401
us-west-2,fjord-racer1-cruise-ui-ecs-service,06/18/2022 04:00:00,0,0.000259617000077,0.000491044484078884
us-west-2,fjord-racer1-cruise-ui-ecs-service,06/18/2022 05:00:00,0,0.000263558830520143,0.000689643016085029
us-west-2,fjord-racer1-cruise-ui-ecs-service,06/18/2022 06:00:00,0,0.000265445771232266,0.000523669389076531
us-west-2,fjord-racer1-cruise-ui-ecs-service,06/18/2022 07:00:00,0,0.000265651423553303,0.000502473465166986
us-west-2,fjord-racer1-cruise-ui-ecs-service,06/18/2022 08:00:00,0,0.00027099320653309,0.00051304423250258
us-west-2,fjord-racer1-cruise-ui-ecs-service,06/18/2022 09:00:00,0,0.000266858219760728,0.000531727867200971
us-west-2,fjord-racer1-cruise-ui-ecs-service,06/18/2022 10:00:00,0,0.000267074392724893,0.000640167575329542
us-west-2,fjord-racer1-cruise-ui-ecs-service,06/18/2022 11:00:00,0,0.000260377279673042,0.000478292349725962
us-west-2,fjord-racer1-cruise-ui-ecs-service,06/18/2022 12:00:00,0,0.00026329293199849,0.000472283223643899
us-west-2,fjord-racer1-cruise-ui-ecs-service,06/18/2022 13:00:00,0,0.00026123171455003,0.000484940363094211
us-west-2,fjord-racer1-cruise-ui-ecs-service,06/18/2022 14:00:00,0,0.000267147511169557,0.000464980828110129
us-west-2,fjord-racer1-cruise-ui-ecs-service,06/18/2022 15:00:00,0,0.000266780516304495,0.000845159054733813
us-west-2,fjord-racer1-cruise-ui-ecs-service,06/18/2022 16:00:00,0,0.000264577691955349,0.000680026179179549
us-west-2,fjord-racer1-cruise-ui-ecs-service,06/18/2022 17:00:00,0,0.000264546483247579,0.000575569993816316
us-west-2,fjord-racer1-cruise-ui-ecs-service,06/18/2022 18:00:00,0,0.000262399487492357,0.000506914081051946
us-west-2,fjord-racer1-cruise-ui-ecs-service,06/18/2022 19:00:00,0,0.000266877626405378,0.000509910006076097
us-west-2,fjord-racer1-cruise-ui-ecs-service,06/18/2022 20:00:00,0,0.00026616485555844,0.000743332784622908
us-west-2,fjord-racer1-cruise-ui-ecs-service,06/18/2022 21:00:00,0,0.000267234925573736,0.000516983680427074
us-west-2,fjord-racer1-cruise-ui-ecs-service,06/18/2022 22:00:00,0,0.000264069308791452,0.000478996429592371
us-west-2,fjord-racer1-cruise-ui-ecs-service,06/18/2022 23:00:00,0,0.000265461949135537,0.000485212495550513
us-west-2,fjord-racer1-cruise-ui-ecs-service,06/19/2022 00:00:00,0,0.00026746584923223,0.000472271721810102
us-west-2,fjord-racer1-cruise-ui-ecs-service,06/19/2022 01:00:00,0,0.000267243015647901,0.000568390148691833
us-west-2,fjord-racer1-cruise-ui-ecs-service,06/19/2022 02:00:00,0,0.000260870723939338,0.000499628344550729
us-west-2,fjord-racer1-cruise-ui-ecs-service,06/19/2022 03:00:00,0,0.000253143618559127,0.000538310641422868
us-west-2,fjord-racer1-cruise-ui-ecs-service,06/19/2022 04:00:00,0,0.000256656276579056,0.000529944011941552
us-west-2,fjord-racer1-cruise-ui-ecs-service,06/19/2022 05:00:00,0,0.000259642099571015,0.000526651460677385
us-west-2,fjord-racer1-cruise-ui-ecs-service,06/19/2022 06:00:00,0,0.000266654092255911,0.000543610364394753
us-west-2,fjord-racer1-cruise-ui-ecs-service,06/19/2022 07:00:00,0,0.000261956724145898,0.000484834285452962
us-west-2,fjord-racer1-cruise-ui-ecs-service,06/19/2022 08:00:00,0,0.000264998109164474,0.000519403942713612
us-west-2,fjord-racer1-cruise-ui-ecs-service,06/19/2022 09:00:00,0,0.00026486792324143,0.000487443618476391
us-west-2,fjord-racer1-cruise-ui-ecs-service,06/19/2022 10:00:00,0,0.000267563398480189,0.000554484617896378
us-west-2,fjord-racer1-cruise-ui-ecs-service,06/19/2022 11:00:00,0,0.000268502449573534,0.000494504976086319
us-west-2,fjord-racer1-cruise-ui-ecs-service,06/19/2022 12:00:00,0,0.000270443117205479,0.000565508101135492
us-west-2,fjord-racer1-cruise-ui-ecs-service,06/19/2022 13:00:00,0,0.000269906268048506,0.000491566024720669
us-west-2,fjord-racer1-cruise-ui-ecs-service,06/19/2022 14:00:00,0,0.000275801829932287,0.000776379718445241
us-west-2,fjord-racer1-cruise-ui-ecs-service,06/19/2022 15:00:00,0,0.000269440950612528,0.000494678062386811
us-west-2,fjord-racer1-cruise-ui-ecs-service,06/19/2022 16:00:00,0,0.000269882110497933,0.000544965825974941
us-west-2,fjord-racer1-cruise-ui-ecs-service,06/19/2022 17:00:00,0,0.000267361203430308,0.000485001818129891
us-west-2,fjord-racer1-cruise-ui-ecs-service,06/19/2022 18:00:00,0,0.000269030841530202,0.000531188604470931
us-west-2,fjord-racer1-cruise-ui-ecs-service,06/19/2022 19:00:00,0,0.000266430901502328,0.000494733406230807
us-west-2,fjord-racer1-cruise-ui-ecs-service,06/19/2022 20:00:00,0,0.000270763500996381,0.000517697283066809
us-west-2,fjord-racer1-cruise-ui-ecs-service,06/19/2022 21:00:00,0,0.000272700679530838,0.000492951413616538
us-west-2,fjord-racer1-cruise-ui-ecs-service,06/19/2022 22:00:00,0,0.00026717091190645,0.000492170033976436
us-west-2,fjord-racer1-cruise-ui-ecs-service,06/19/2022 23:00:00,0,0.000272102908639284,0.000543689867481589
us-west-2,fjord-racer1-cruise-ui-ecs-service,06/20/2022 00:00:00,0,0.000271063027723553,0.000540052331052721
us-west-2,fjord-racer1-cruise-ui-ecs-service,06/20/2022 01:00:00,0,0.000276050960254767,0.00073696980252862
us-west-2,fjord-racer1-cruise-ui-ecs-service,06/20/2022 02:00:00,0,0.000268355150559627,0.000627640727907419
us-west-2,fjord-racer1-cruise-ui-ecs-service,06/20/2022 03:00:00,0,0.000271196273967553,0.000527198822237551
us-west-2,fjord-racer1-cruise-ui-ecs-service,06/20/2022 04:00:00,0,0.000272886536742153,0.000570097987196947
us-west-2,fjord-racer1-cruise-ui-ecs-service,06/20/2022 05:00:00,0,0.000266313104913334,0.000532149104401469
us-west-2,fjord-racer1-cruise-ui-ecs-service,06/20/2022 06:00:00,0,0.00027071949019507,0.000486473506316543
us-west-2,fjord-racer1-cruise-ui-ecs-service,06/20/2022 07:00:00,0,0.000267148394026127,0.000474543212667892
us-west-2,fjord-racer1-cruise-ui-ecs-service,06/20/2022 08:00:00,0,0.000270435635712275,0.000512616150081158
us-west-2,fjord-racer1-cruise-ui-ecs-service,06/20/2022 09:00:00,0,0.000274773244700262,0.000682445056736469
us-west-2,fjord-racer1-cruise-ui-ecs-service,06/20/2022 10:00:00,0,0.000278338387157893,0.00123620079830289
us-west-2,fjord-racer1-cruise-ui-ecs-service,06/20/2022 11:00:00,0,0.000273248929522817,0.000575292482972145
us-west-2,fjord-racer1-cruise-ui-ecs-service,06/20/2022 12:00:00,0,0.000268613312868201,0.000532481633126736
us-west-2,fjord-racer1-cruise-ui-ecs-service,06/20/2022 13:00:00,0,0.000274200494388182,0.000507392967119813
us-west-2,fjord-racer1-cruise-ui-ecs-service,06/20/2022 14:00:00,0,0.000271626602779318,0.000497241038829088
us-west-2,fjord-racer1-cruise-ui-ecs-service,06/20/2022 15:00:00,0,0.000272466767989253,0.000508820079267025
us-west-2,fjord-racer1-cruise-ui-ecs-service,06/20/2022 16:00:00,0,0.000272120985941509,0.000507049146108329
us-west-2,fjord-racer1-cruise-ui-ecs-service,06/20/2022 17:00:00,0,0.000272271213433817,0.00049321511760354
us-west-2,fjord-racer1-cruise-ui-ecs-service,06/20/2022 18:00:00,0,0.000274383775442617,0.000531549658626318
us-west-2,fjord-racer1-cruise-ui-ecs-service,06/20/2022 19:00:00,0,0.00027738723727898,0.000522731756791472
us-west-2,fjord-racer1-cruise-ui-ecs-service,06/20/2022 20:00:00,0,0.000270681757420816,0.000572678516618907
us-west-2,fjord-racer1-cruise-ui-ecs-service,06/20/2022 21:00:00,0,0.000260803798946998,0.000462823645456841
us-west-2,fjord-racer1-cruise-ui-ecs-service,06/20/2022 22:00:00,0,0.000265417738600832,0.000489535974338651
us-west-2,fjord-racer1-cruise-ui-ecs-service,06/20/2022 23:00:00,0,0.000261312345449453,0.000472485832870007
us-west-2,fjord-racer1-cruise-ui-ecs-service,06/21/2022 00:00:00,0,0.000266580430966568,0.000495366961695254
us-west-2,fjord-racer1-cruise-ui-ecs-service,06/21/2022 01:00:00,0,0.000268225805976417,0.000509493227582425
us-west-2,fjord-racer1-cruise-ui-ecs-service,06/21/2022 02:00:00,0,0.000263199119668095,0.000483741750940681
us-west-2,fjord-racer1-cruise-ui-ecs-service,06/21/2022 03:00:00,0,0.000261621770033192,0.000480750761926174
us-west-2,fjord-racer1-cruise-ui-ecs-service,06/21/2022 04:00:00,0,0.000261841398318127,0.000470451079308987
us-west-2,fjord-racer1-cruise-ui-ecs-service,06/21/2022 05:00:00,0,0.000263887383926951,0.000485660927370191
us-west-2,fjord-racer1-cruise-ui-ecs-service,06/21/2022 06:00:00,0,0.000270074528881281,0.000602755160070956
us-west-2,fjord-racer1-cruise-ui-ecs-service,06/21/2022 07:00:00,0,0.000267916076083024,0.0005458118884187
us-west-2,fjord-racer1-cruise-ui-ecs-service,06/21/2022 08:00:00,0,0.000270943257882228,0.000578764826059341
us-west-2,fjord-racer1-cruise-ui-ecs-service,06/21/2022 09:00:00,0,0.000264434641588758,0.000654201256111264
us-west-2,fjord-racer1-cruise-ui-ecs-service,06/21/2022 10:00:00,0,0.000266790325066477,0.000736863119527698
us-west-2,fjord-racer1-cruise-ui-ecs-service,06/21/2022 11:00:00,0,0.000265485078678421,0.0005127973364372
us-west-2,fjord-racer1-cruise-ui-ecs-service,06/21/2022 12:00:00,0,0.00026812946373462,0.00045716455206275
us-west-2,fjord-racer1-cruise-ui-ecs-service,06/21/2022 13:00:00,0,0.000257824571331762,0.000502506643533707
us-west-2,fjord-racer1-cruise-ui-ecs-service,06/21/2022 14:00:00,0,0.000258413047003699,0.000464633270166814
us-west-2,fjord-racer1-cruise-ui-ecs-service,06/21/2022 15:00:00,0,0.000263012021440179,0.000524419685825706
us-west-2,fjord-racer1-cruise-ui-ecs-service,06/21/2022 16:00:00,0,0.000264224337278409,0.000586548207425757
us-west-2,fjord-racer1-cruise-ui-ecs-service,06/21/2022 17:00:00,0,0.000265613782007078,0.000480426056310534
us-west-2,fjord-racer1-cruise-ui-ecs-service,06/21/2022 18:00:00,0,0.000271245810266847,0.000528609240427613
us-west-2,fjord-racer1-cruise-ui-ecs-service,06/21/2022 19:00:00,0,0.000263991846962984,0.000481426389887929
us-west-2,fjord-racer1-cruise-ui-ecs-service,06/21/2022 20:00:00,0,0.000267591396928781,0.000513153523206711
us-west-2,fjord-racer1-cruise-ui-ecs-service,06/21/2022 21:00:00,0,0.000266328168120042,0.000544121395796537
us-west-2,fjord-racer1-cruise-ui-ecs-service,06/21/2022 22:00:00,0,0.000265367864697262,0.000547681748867035
us-west-2,fjord-racer1-cruise-ui-ecs-service,06/21/2022 23:00:00,0,0.000263166982331894,0.000479514710605145
us-west-2,fjord-racer1-cruise-ui-ecs-service,06/22/2022 00:00:00,0,0.000263122866236095,0.000517692021094263
us-west-2,fjord-racer1-cruise-ui-ecs-service,06/22/2022 01:00:00,0,0.000262013564716828,0.000475970702245832
us-west-2,fjord-racer1-cruise-ui-ecs-service,06/22/2022 02:00:00,0,0.000262507521370841,0.000480827339924872
us-west-2,fjord-racer1-cruise-ui-ecs-service,06/22/2022 03:00:00,0,0.000262525720096464,0.000493368948809803
us-west-2,fjord-racer1-cruise-ui-ecs-service,06/22/2022 04:00:00,0,0.000264384750679675,0.000532114366069436
us-west-2,fjord-racer1-cruise-ui-ecs-service,06/22/2022 05:00:00,0,0.000272869907770475,0.000524091362757118
us-west-2,fjord-racer1-cruise-ui-ecs-service,06/22/2022 06:00:00,0,0.000271797001196685,0.000505279912613332
us-west-2,fjord-racer1-cruise-ui-ecs-service,06/22/2022 07:00:00,0,0.00026590642446021,0.00050944141112268
us-west-2,fjord-racer1-cruise-ui-ecs-service,06/22/2022 08:00:00,0,0.000270920726177477,0.000534660881385207
us-west-2,fjord-racer1-cruise-ui-ecs-service,06/22/2022 09:00:00,0,0.000260108388751974,0.000456174509599805
us-west-2,fjord-racer1-cruise-ui-ecs-service,06/22/2022 10:00:00,0,0.000263163418405059,0.000468809064477682
us-west-2,fjord-racer1-cruise-ui-ecs-service,06/22/2022 11:00:00,0,0.000261930455866806,0.000510481069795787
us-west-2,fjord-racer1-cruise-ui-ecs-service,06/22/2022 12:00:00,0,0.00026162246278665,0.00049519594758749
us-west-2,fjord-racer1-cruise-ui-ecs-service,06/22/2022 13:00:00,0,0.000262464078451123,0.000556177645921707
us-west-2,fjord-racer1-cruise-ui-ecs-service,06/22/2022 14:00:00,0,0.000260126580470182,0.000475840596482158
us-west-2,fjord-racer1-cruise-ui-ecs-service,06/22/2022 15:00:00,0,0.000264851012245175,0.000464065792039037
us-west-2,fjord-racer1-cruise-ui-ecs-service,06/22/2022 16:00:00,0,0.000259027447881749,0.000473697623237968
us-west-2,fjord-racer1-cruise-ui-ecs-service,06/22/2022 17:00:00,0,0.00026126561637328,0.000519161764532328
us-west-2,fjord-racer1-cruise-ui-ecs-service,06/22/2022 18:00:00,0,0.000259286504935866,0.000497604953125119
us-west-2,fjord-racer1-cruise-ui-ecs-service,06/22/2022 19:00:00,0,0.000268361282412938,0.000519494956824929
us-west-2,fjord-racer1-cruise-ui-ecs-service,06/22/2022 20:00:00,0,0.000267137437441408,0.00050939223729074
us-west-2,fjord-racer1-cruise-ui-ecs-service,06/22/2022 21:00:00,0,0.000269482571019582,0.000515503203496337
us-west-2,fjord-racer1-cruise-ui-ecs-service,06/22/2022 22:00:00,0,0.0002661926990318,0.000545063521713018
us-west-2,fjord-racer1-cruise-ui-ecs-service,06/22/2022 23:00:00,0,0.000264348875618299,0.000495928339660168
us-west-2,fjord-racer1-cruise-ui-ecs-service,06/23/2022 00:00:00,0,0.00026449110164933,0.000495420327704204
us-west-2,fjord-racer1-cruise-ui-ecs-service,06/23/2022 01:00:00,0,0.000261116884378334,0.000490470044314861
us-west-2,fjord-racer1-cruise-ui-ecs-service,06/23/2022 02:00:00,0,0.000261752339559053,0.000498219001057901
us-west-2,fjord-racer1-cruise-ui-ecs-service,06/23/2022 03:00:00,0,0.000270077903464063,0.000474393297918141
us-west-2,fjord-racer1-cruise-ui-ecs-service,06/23/2022 04:00:00,0,0.000270049021796952,0.000571411941200495
us-west-2,fjord-racer1-cruise-ui-ecs-service,06/23/2022 05:00:00,0,0.000273624831800025,0.000725365988910198
us-west-2,fjord-racer1-cruise-ui-ecs-service,06/23/2022 06:00:00,0,0.00026785074334604,0.000478517287410796
us-west-2,fjord-racer1-cruise-ui-ecs-service,06/23/2022 07:00:00,0,0.000268027839906395,0.000497999973595142
us-west-2,fjord-racer1-cruise-ui-ecs-service,06/23/2022 08:00:00,0,0.00027014290628301,0.000544643715808266
us-west-2,fjord-racer1-cruise-ui-ecs-service,06/23/2022 09:00:00,0,0.000260893346100788,0.000492626516562369
us-west-2,fjord-racer1-cruise-ui-ecs-service,06/23/2022 10:00:00,0,0.00026538963104936,0.000617794692516327
us-west-2,fjord-racer1-cruise-ui-ecs-service,06/23/2022 11:00:00,0,0.000263473662463562,0.000643547484651208
us-west-2,fjord-racer1-cruise-ui-ecs-service,06/23/2022 12:00:00,0,0.000265049461364633,0.00052225801628083
us-west-2,fjord-racer1-cruise-ui-ecs-service,06/23/2022 13:00:00,0,0.000262408087374283,0.00049783835971826
us-west-2,fjord-racer1-cruise-ui-ecs-service,06/23/2022 14:00:00,0,0.000261802235422019,0.000516685363101332
us-west-2,fjord-racer1-cruise-ui-ecs-service,06/23/2022 15:00:00,0,0.000264163414558411,0.000596490537282079
us-west-2,fjord-racer1-cruise-ui-ecs-service,06/23/2022 16:00:00,0,0.000260041015146234,0.000476283533498645
us-west-2,fjord-racer1-cruise-ui-ecs-service,06/23/2022 17:00:00,0,0.000263809045098802,0.00049888005014509
us-west-2,fjord-racer1-cruise-ui-ecs-service,06/23/2022 18:00:00,0,0.000267893128838231,0.000515096029266715
us-west-2,fjord-racer1-cruise-ui-ecs-service,06/23/2022 19:00:00,0,0.000260167891608128,0.000489942217245698
us-west-2,fjord-racer1-cruise-ui-ecs-service,06/23/2022 20:00:00,0,0.000258728646713257,0.000545782316476107
us-west-2,fjord-racer1-cruise-ui-ecs-service,06/23/2022 21:00:00,0,0.000258308870882652,0.000630917819216847
us-west-2,fjord-racer1-cruise-ui-ecs-service,06/23/2022 22:00:00,0,0.000259954316241282,0.00052245669066906
us-west-2,fjord-racer1-cruise-ui-ecs-service,06/23/2022 23:00:00,0,0.000263877448731112,0.000544240791350603
us-west-2,fjord-racer1-cruise-ui-ecs-service,06/24/2022 00:00:00,0,0.000261136398629884,0.000475203339010477
us-west-2,fjord-racer1-cruise-ui-ecs-service,06/24/2022 01:00:00,0,0.000262860907072147,0.000534064276143909
us-west-2,fjord-racer1-cruise-ui-ecs-service,06/24/2022 02:00:00,0,0.000261049633151498,0.000532277603633702
us-west-2,fjord-racer1-cruise-ui-ecs-service,06/24/2022 03:00:00,0,0.000267702496173513,0.000534162879921496
us-west-2,fjord-racer1-cruise-ui-ecs-service,06/24/2022 04:00:00,0,0.000266976427695641,0.000530572951232132
us-west-2,fjord-racer1-cruise-ui-ecs-service,06/24/2022 05:00:00,0,0.000265932924807443,0.00056754881516099
us-west-2,fjord-racer1-cruise-ui-ecs-service,06/24/2022 06:00:00,0,0.000260758121503152,0.000490726483985782
us-west-2,fjord-racer1-cruise-ui-ecs-service,06/24/2022 07:00:00,0,0.000264621252744435,0.000498812599107623
us-west-2,fjord-racer1-cruise-ui-ecs-service,06/24/2022 08:00:00,0,0.000262879031505617,0.000471877865493298
us-west-2,fjord-racer1-cruise-ui-ecs-service,06/24/2022 09:00:00,0,0.000265003080182865,0.0004958010670778
us-west-2,fjord-racer1-cruise-ui-ecs-service,06/24/2022 10:00:00,0,0.000266904873282905,0.000521994475275278
us-west-2,fjord-racer1-cruise-ui-ecs-service,06/24/2022 11:00:00,0,0.000265963990214737,0.000503965676762164
us-west-2,fjord-racer1-cruise-ui-ecs-service,06/24/2022 12:00:00,0,0.000260551126021796,0.000479654921218753
us-west-2,fjord-racer1-cruise-ui-ecs-service,06/24/2022 13:00:00,0,0.000259727070814427,0.000538016762584448
us-west-2,fjord-racer1-cruise-ui-ecs-service,06/24/2022 14:00:00,0,0.000264196640218559,0.000498093419561261
us-west-2,fjord-racer1-cruise-ui-ecs-service,06/24/2022 15:00:00,0,0.000263760953528248,0.000522936647757888
us-west-2,fjord-racer1-cruise-ui-ecs-service,06/24/2022 16:00:00,0,0.000268272820711719,0.000471622781141808
us-west-2,fjord-racer1-cruise-ui-ecs-service,06/24/2022 17:00:00,0,0.000264714394433309,0.000699040107429028
us-west-2,fjord-racer1-cruise-ui-ecs-service,06/24/2022 18:00:00,0,0.000256472544605873,0.000482954492326826
us-west-2,fjord-racer1-cruise-ui-ecs-service,06/24/2022 19:00:00,0,0.000269396427666532,0.000650831777602434
us-west-2,fjord-racer1-cruise-ui-ecs-service,06/24/2022 20:00:00,0,0.000271217422957911,0.000537336873821914
us-west-2,fjord-racer1-cruise-ui-ecs-service,06/24/2022 21:00:00,0,0.000264570293208774,0.000488290807697922
us-west-2,fjord-racer1-cruise-ui-ecs-service,06/24/2022 22:00:00,0,0.000265532756684667,0.000556843355298042
us-west-2,fjord-racer1-cruise-ui-ecs-service,06/24/2022 23:00:00,0,0.000265046415139258,0.000516450451686978
us-west-2,fjord-racer1-cruise-ui-ecs-service,06/25/2022 00:00:00,0,0.00026836237999451,0.00048851533792913
us-west-2,fjord-racer1-cruise-ui-ecs-service,06/25/2022 01:00:00,0,0.000262430185216331,0.000490054115653038
us-west-2,fjord-racer1-cruise-ui-ecs-service,06/25/2022 02:00:00,0,0.000266946931853962,0.000502839568071067
us-west-2,fjord-racer1-cruise-ui-ecs-service,06/25/2022 03:00:00,0,0.000260863440746899,0.000503655569627881
us-west-2,fjord-racer1-cruise-ui-ecs-service,06/25/2022 04:00:00,0,0.000259818172310405,0.000523645626871209
us-west-2,fjord-racer1-cruise-ui-ecs-service,06/25/2022 05:00:00,0,0.00026606876136874,0.000494628981687129
us-west-2,fjord-racer1-cruise-ui-ecs-service,06/25/2022 06:00:00,0,0.000257405788549417,0.000484190047963669
us-west-2,fjord-racer1-cruise-ui-ecs-service,06/25/2022 07:00:00,0,0.000262653804694316,0.000470680557191372
us-west-2,fjord-racer1-cruise-ui-ecs-service,06/25/2022 08:00:00,0,0.000289768291768231,0.000654470594599843
us-west-2,fjord-racer1-cruise-ui-ecs-service,06/25/2022 09:00:00,0,0.000299777740785443,0.000666092126630247
us-west-2,fjord-racer1-cruise-ui-ecs-service,06/25/2022 10:00:00,0,0.000271495917889617,0.000516367446192924
us-west-2,fjord-racer1-cruise-ui-ecs-service,06/25/2022 11:00:00,0,0.000269585976348594,0.000475575821474195
us-west-2,fjord-racer1-cruise-ui-ecs-service,06/25/2022 12:00:00,0,0.000271464441718131,0.000490333027157344
us-west-2,fjord-racer1-cruise-ui-ecs-service,06/25/2022 13:00:00,0,0.000273107968300361,0.000559846055693924
us-west-2,fjord-racer1-cruise-ui-ecs-service,06/25/2022 14:00:00,0,0.000266670611402208,0.000495513040934586
us-west-2,fjord-racer1-cruise-ui-ecs-service,06/25/2022 15:00:00,0,0.000267325764335181,0.00046347847674042
us-west-2,fjord-racer1-cruise-ui-ecs-service,06/25/2022 16:00:00,0,0.000269359130804633,0.000473077199421823
us-west-2,fjord-racer1-cruise-ui-ecs-service,06/25/2022 17:00:00,0,0.000268974081254631,0.000541356625035405
us-west-2,fjord-racer1-cruise-ui-ecs-service,06/25/2022 18:00:00,0,0.000275101805203657,0.000546972290612757
us-west-2,fjord-racer1-cruise-ui-ecs-service,06/25/2022 19:00:00,0,0.000272083018105735,0.000550111103802919
us-west-2,fjord-racer1-cruise-ui-ecs-service,06/25/2022 20:00:00,0,0.000275888288439293,0.000518271909095347
us-west-2,fjord-racer1-cruise-ui-ecs-service,06/25/2022 21:00:00,0,0.00027624366677186,0.000515988562256098
us-west-2,fjord-racer1-cruise-ui-ecs-service,06/25/2022 22:00:00,0,0.000275100979317044,0.000495117157697678
us-west-2,fjord-racer1-cruise-ui-ecs-service,06/25/2022 23:00:00,0,0.000274820512150279,0.000521560525521636
us-west-2,fjord-racer1-cruise-ui-ecs-service,06/26/2022 00:00:00,0,0.000273444703241131,0.000514424568973482
us-west-2,fjord-racer1-cruise-ui-ecs-service,06/26/2022 01:00:00,0,0.000272055512167398,0.000467509776353836
us-west-2,fjord-racer1-cruise-ui-ecs-service,06/26/2022 02:00:00,0,0.000269844984926039,0.000470828007612574
us-west-2,fjord-racer1-cruise-ui-ecs-service,06/26/2022 03:00:00,0,0.000272867839758076,0.000488524185493588
us-west-2,fjord-racer1-cruise-ui-ecs-service,06/26/2022 04:00:00,0,0.000275225202503276,0.000608267262578011
us-west-2,fjord-racer1-cruise-ui-ecs-service,06/26/2022 05:00:00,0,0.000277991555541581,0.000513787707313895
us-west-2,fjord-racer1-cruise-ui-ecs-service,06/26/2022 06:00:00,0,0.000282159183272591,0.00049609960988164
us-west-2,fjord-racer1-cruise-ui-ecs-service,06/26/2022 07:00:00,0,0.000283035125301743,0.000555647782197124
us-west-2,fjord-racer1-cruise-ui-ecs-service,06/26/2022 08:00:00,0,0.000280641835286529,0.000501339114271104
us-west-2,fjord-racer1-cruise-ui-ecs-service,06/26/2022 09:00:00,0,0.00028034408275821,0.000524518103338778
us-west-2,fjord-racer1-cruise-ui-ecs-service,06/26/2022 10:00:00,0,0.000282027178642381,0.000517400703392923
us-west-2,fjord-racer1-cruise-ui-ecs-service,06/26/2022 11:00:00,0,0.00027603701938226,0.000502606062218547
us-west-2,fjord-racer1-cruise-ui-ecs-service,06/26/2022 12:00:00,0,0.000278387684577752,0.000502500683069229
us-west-2,fjord-racer1-cruise-ui-ecs-service,06/26/2022 13:00:00,0,0.000278013858113616,0.000479652360081673
